Job,Link
Founding Engineer,https://weworkremotely.com/remote-jobs/gc-ai-founding-engineer
React/Node Fullstack Developer,https://weworkremotely.com/remote-jobs/clouddevs-react-node-fullstack-developer-3
Fullstack .NET MVC Developer,https://weworkremotely.com/remote-jobs/clouddevs-fullstack-net-mvc-developer
Senior .NET Developer,https://weworkremotely.com/remote-jobs/storyteller-senior-net-developer-1
"Junior Software Engineer (Full-time contract, 40+hr/wk) Live",https://weworkremotely.com/remote-jobs/miniextensions-junior-software-engineer-full-time-contract-40-hr-wk-live-2
Senior Full-Stack .NET developer,https://weworkremotely.com/remote-jobs/wordwall-senior-full-stack-net-developer-12
Full-Stack Wordpress Developer,https://weworkremotely.com/remote-jobs/bbe-marketing-inc-full-stack-wordpress-developer-12
PHP Fullstack Engineer (Laravel),https://weworkremotely.com/remote-jobs/prep-kitchen-php-fullstack-engineer-laravel
Senior React.js & Ruby Developer,https://weworkremotely.com/remote-jobs/lemon-io-senior-react-js-ruby-developer
Senior Developer,https://weworkremotely.com/remote-jobs/plazas-senior-developer
Senior Ruby on Rails Developer,https://weworkremotely.com/remote-jobs/proxify-ab-senior-ruby-on-rails-developer
Full Stack Engineer - Full Time,https://weworkremotely.com/remote-jobs/idverse-ocr-labs-full-stack-engineer-full-time
Senior Full-stack React & Python Developer,https://weworkremotely.com/remote-jobs/lemon-io-senior-full-stack-react-python-developer
Part Time Full Stack Engineer,https://weworkremotely.com/remote-jobs/aiapply-co-part-time-full-stack-engineer
Web3 developer for a fast growing UK company,https://weworkremotely.com/remote-jobs/appy-ventures-web3-developer-for-a-fast-growing-uk-company
Senior Shopify Developer (Remote + Flexible),https://weworkremotely.com/remote-jobs/storetasker-senior-shopify-developer-remote-flexible-3
Middle/Senior Software Engineer (Typescript) - Europe,https://weworkremotely.com/remote-jobs/rollstack-middle-senior-software-engineer-typescript-europe
Full Stack Ruby Engineer,https://weworkremotely.com/remote-jobs/openplay-full-stack-ruby-engineer
Full Stack (React/Python) Developer,https://weworkremotely.com/remote-jobs/input-logic-full-stack-react-python-developer
Senior Rails + Stimulus Dev - The Rails Way! üõ§Ô∏è,https://weworkremotely.com/remote-jobs/nearcut-senior-rails-stimulus-dev-the-rails-way-1
FlutterFlow Developer Needed for App Issue Resolution,https://weworkremotely.com/remote-jobs/contra-flutterflow-developer-needed-for-app-issue-resolution
Senior Full Stack Developer,https://weworkremotely.com/remote-jobs/niceboard-senior-full-stack-developer
Senior Fullstack Engineer (Ruby/Rails),https://weworkremotely.com/remote-jobs/timezest-senior-fullstack-engineer-ruby-rails-2
Senior Independent Software Developer ($90-$170/hr),https://weworkremotely.com/remote-jobs/a-team-senior-independent-software-developer-90-170-hr
Part-Time Full Stack Engineer,https://weworkremotely.com/remote-jobs/contra-part-time-full-stack-engineer-1
